Ürün Adı,SKU,Satış Fiyatı (TR)
14K Gold Asimetrik Zincir Taş Sallantılı Stefany Küpe,MKE0002,TRY 400.00
14K Gold Çerçeveli Sedefli Düzensiz Damla Tasarım Stefany Küpe,MKE0004,TRY 400.00
14K Gold Yuvarlak Kemik Sallantılı Stefany Küpe,MKE0006,TRY 400.00
14K Gold Sedefli Kabartma Çoklu Çiçek Tasarım Stefany Küpe,MKE0008,TRY 400.00
14K Gold Yarım Ay Tasarım Kaplan Gözü Taşlı Stefany Küpe,MKE0010,TRY 400.00
14K Gold Lazer Kesim Telli Çiçek Tasarım Stefany Küpe,MKE0012,TRY 400.00
14K Gold Çift Sıralı Asimetrik Beşgen Ortası Kare Taş Tasarım Stefany Küpe,MKE0014,TRY 400.00
14K Gold Kare Tasarım Kaplan Gözü Taşlı Stefany Küpe,MKE0016,TRY 370.00
14K Gold Silver Desenli Çiçek Tasarım Stefany Küpe,MKE0018,TRY 400.00
14K Gold Zirkon Ve Damla Taş Detay Kanat Sallantılı Glory Küpe,MKE0020,TRY 550.00
14K Gold Sıralı Tektaş N Sallantılı Damla Taşlı Glory Küpe,MKE0022,TRY 550.00
14K Gold Zirkon Detay Büyük İnci Sallantılı Glory Küpe,MKE0024,TRY 450.00
14K Gold Üçlü Bitişik Damla Taşlı Glory Küpe,MKE0026,TRY 450.00
14K Gold Zirkonlu Ve İncili Kare Tasarım Sallantılı Glory Küpe,MKE0028,TRY 500.00
14K Gold Zirkon Ve Kristal Taş Kanatlı Sallantılı Glory Küpe,MKE0030,TRY 500.00
14K Gold Zirkonlu Sallantılı Oval Halka Glory Küpe,MKE0040,TRY 500.00
14K Gold Siyah Sedefli Zirkonlu Halka Glory Küpe,MKE0042,TRY 450.00
14K Gold Sedef Detay İncili Çiçek Glory Küpe,MKE0044,TRY 400.00
14K Gold Zirkon Detay Damla Tasarım Tektaş Sallantılı Glory Küpe,MKE0046,TRY 450.00
14K Gold Zirkon Taşlı Sallantılı Kalpler Glory Küpe,MKE0048,TRY 500.00
14K Gold Zirkon Detay Dalgalı Oval Daire Sallantılı Glory Küpe,MKE0050,TRY 500.00
Silver Zirkon Bağlantılı Kare Tektaşlı Sallantılı Glory Küpe,MKE0052,TRY 600.00
14K Gold Oval İnci Sallantılı Kelebek Ve Çiçek Topçuk Altılı Çoklu Küpeler,MKE0054,TRY 330.00
14K Gold Zincir Sallantılı Uçları Kalpli Glory Küpe,MKE0056,TRY 450.00
14K Gold Kristal Taşlı Sallantılı Çiçek Tasarım Halka Glory Küpe,MKE0058,TRY 400.00
14K Gold Büyük Baget Taşlı Yarım Tur Halka Glory Küpe,MKE0060,TRY 400.00
Gold Damla Taş Kanatlı Yusufçuk Tasarım Glory Küpe,MKE0062,TRY 300.00
Gold Asimetrik Dikey Taş Tasarım Glory Küpe,MKE0064,TRY 480.00
Gold Damla Taş Kelebek Tasarım Glory Küpe,MKE0066,TRY 450.00
Gold Damla Taş Detay Zirkonlu Çiçek Tasarım Glory Küpe,MKE0068,TRY 350.00
Gold Zirkon Detay Kaktüs Tasarım Glory Küpe,MKE0070,TRY 300.00
Gold Altı Düğümlü Dikey Suyolu Glory Küpe,MKE0072,TRY 500.00
Gold Kristal Taş Detay Baget Taşlı Tasarım Glory Küpe,MKE0074,TRY 500.00
Gold Zirkonlu Modern Kare Tasarım Glory Küpe,MKE0076,TRY 380.00
Gold Zirkon Detay İç İçe Halkalı Glory Küpe,MKE0078,TRY 430.00
Gold Kare Tektaş Çevresi Çift Sıra Zirkon Tasarım Glory Küpe,MKE0080,TRY 500.00
Gold Bombe Orta Boy Halka Çelik Küpe,MKE0084,TRY 130.00
Gold Bombe Büyük Boy Halka Çelik Küpe,MKE0086,TRY 140.00
Gold Kalın Boru Büyük Boy Halka Çelik Küpe,MKE0088,TRY 150.00
Gold Bombe Küçük Boy Halka Çelik Küpe,MKE0082,TRY 120.00
Gold Yıldız Küçük Boy Halka Çelik Küpe,MKE0090,TRY 120.00
Gold Ataç Orta Boy Halka Çelik Küpe,MKE0094,TRY 130.00
Gold Ataç Küçük Boy Halka Çelik Küpe,MKE0092,TRY 120.00
14k Gold Ezme Ortası Kapalı Tasarım Zincir Luxury Kolye,MKL0002,TRY 400.00
14k Gold İnci Ve Topçuk Detay Zincir Tasarım Luxury Kolye,MKL0004,TRY 400.00
14k Gold Halka Uçlu İçi Taşlı Zincir Tasarım Luxury Kolye,MKL0006,TRY 750.00
14k Gold Topçuk Zincir Ucu Kare Tektaş Tasarım Luxury Kolye,MKL0008,TRY 550.00
14k Gold Zirkon Ve Tektaşlı Sıralı Daireler Tasarım Luxury Kolye,MKL0010,TRY 500.00
14k Gold Daire Suyolu Tasarım Luxury Kolye,MKL0012,TRY 600.00
14k Gold Sonsuzluk Detay Damla Taş Tasarım Luxury Kolye,MKL0014,TRY 600.00
Gold Ataç Büyük Boy Halka Çelik Küpe,MKE0096,TRY 140.00
14k Gold Zirkon Ve Tektaş Detay Çapraz Kare Tasarım Luxury Kolye,MKL0016,TRY 600.00
14k Gold Zirkon Taşlı Kelebek Tasarım Luxury Kolye,MKL0018,TRY 500.00
Gold Kafası Tektaş Kanatları Zirkonlu Melek Tasarım Çelik Kolye,MKL0020,TRY 250.00
Gold Zirkon Taşlı Yunus Tasarım Çelik Kolye,MKL0022,TRY 250.00
Gold Köşesi Zirkonlu Dövme Kare Tasarım Çelik Kolye,MKL0024,TRY 250.00
Gold Zirkon Ve Sedef Taşlı boyutlu kelebek tasarım Çelik Kolye,MKL0026,TRY 280.00
Gold Kristal Ve Zirkon Taşlı vanguard tasarım Çelik Kolye,MKL0028,TRY 280.00
Gold Kanatları Zirkon Ve Kristal Taşlı Peri Tasarım Çelik Kolye,MKL0030,TRY 280.00
Gold Zirkon Ve Kristal Taşlı Büyük Çiçek Tasarım Çelik Kolye,MKL0032,TRY 280.00
Gold Kristal Taşlı Üçlü Çiçek Tasarım Çelik Kolye,MKL0034,TRY 280.00
Gold Damla Taşlı Kraliçe Tacı Tasarım Çelik,MKL0036,TRY 280.00
Gold Kristal Taşlı Ortası Çarkıfelek Kare Tasarım Çelik Kolye,MKL0038,TRY 280.00
14k Gold Minimal Topçuk Ve Seyrek Büyük Topçuklu 45 Cm Luxury Kolye,MKL0040,TRY 330.00
14k Gold Parıltılı Çok Halkalı Zincir 45 Cm Luxury Kolye ,MKL0042,TRY 680.00
14k Gold Seyrek Topçuklu Minimal Zincir 45 Cm Luxury Kolye,MKL0044,TRY 330.00
14k Gold Mini Parlak Topçuklu 45 Cm Luxury Kolye,MKL0046,TRY 400.00
14k Gold Sargılı Minimal Zincir 45 Cm Luxury Kolye,MKL0048,TRY 250.00
Gold Dikdörtgen Yuvarlak Ve Arpa Tektaş Tasarim 45 cm Çelik Kolye,MKL0050,TRY 300.00
Gold Zirkonlu Yildiz İçinde Tektaş Yildiz Tasarim 45 cm Çelik Kolye,MKL0052,TRY 250.00
Gold Kalp İçinde Dönen Zirkonlu Kalp 45 cm Çelik Kolye,MKL0054,TRY 250.00
14k Gold Mavi Sedef Detay Zirkon Taşlı Üçlü Kutup Yıldızı Tasarım Luxury Şahmeran,MSH0002,TRY 400.00
14k Gold Zirkonlu Üç Çiçek Tasarım Luxury Şahmeran,MSH0004,TRY 400.00
14k Gold Mini Suyolu Tasarım Yıldız Sallantılı Luxury Şahmeran,MSH0006,TRY 400.00
14k Gold Kelepçe Detay Taşlı Kar Tanesi Tasarım Luxury Şahmeran,MSH0008,TRY 430.00
14k Gold Zirkonlu Üçlü Dikdörtgen Tasarım Luxury Şahmeran,MSH0010,TRY 400.00
14k Gold Kelepçe Detay Kırmızı Taşlı Zirkonlu Kare Tasarım Luxury Şahmeran,MSH0012,TRY 400.00
14k Gold Sıralı Geometrik Renkli Taş Tasarım Luxury Şahmeran,MSH0014,TRY 400.00
14k Gold Monaco Çakıl Taşı Tasarım Luxury Şahmeran,MSH0016,TRY 400.00
14k Gold Kelepçe Detay Üçgen Nazar Gözü Tasarım Luxury Şahmeran,MSH0018,TRY 430.00
Gold Sıralı Üç Kalpli Tasarım Çelik Şahmeran,MSH0020,TRY 330.00
Gold Minimal Suyolu Ortada Üç Dikdörtgen Kristal Taşlı Tasarım Çelik Bileklik,MBL0002,TRY 430.00
Gold Yuvarlak Ve Dikdörtgen Taş Detay Zincir Çelik Şahmeran,MSH0022,TRY 330.00
14k Gold Zirkon Taşlı Büyük Ve Küçük Kutup Yıldızı Luxury Şahmeran,MSH0024,TRY 450.00
14k Gold Zirkon Detay Çift Zincirli V Tasarım Luxury Şahmeran,MSH0026,TRY 450.00
14k Gold Zirkon Taşlı Ve Taşsız Sıralı Yıldız Tasarım Luxury Şahmeran ,MSH0028,TRY 400.00
14k Gold Kalın Figaro Zincir Luxury Bileklik,MBL0004,TRY 450.00
14k Gold Lazer Kesim Sıralı X Tasarım Luxury Bileklik,MBL0006,TRY 800.00
14k Gold Klasik Kordon Tasarım Luxury Bileklik,MBL0008,"TRY 1,000.00"
14k Gold Zirkon Detay Renkli Taşlı Künye Tasarım Luxury Bileklik,MBL0010,"TRY 1,000.00"
14k Gold Zirkon Detay Kare Ataç Tasarımluxury Bileklik,MBL0012,"TRY 1,500.00"
14k Gold Ortası Kare Tektaş Topçuk Detay Luxury Bileklik,MBL0014,TRY 800.00
14k Gold Kristal Taş Detay İç İçe Geçmeli Kalp Tasarım Luxury Bileklik,MBL0016,TRY 750.00
14k Gold Zirkon Detay Kare İçinde Topçuk Tasarım Luxury Bileklik,MBL0018,TRY 850.00
14k Gold Ortası Zirkonlu Kalın Zincir Tasarım Luxury Bileklik,MBL0020,"TRY 1,300.00"
14k Gold Ortası Zirkon Taşlı Künye Tasarım Luxury Bileklik,MBL0022,TRY 750.00
14k Gold Taş Detay Bitişik Sıralı Kalp Tasarım Luxury Bileklik,MBL0024,TRY 650.00
14k Gold Burgulu Küçük halka detay Ve Büyük halkalı zincir Luxury Bileklik,MBL0026,TRY 900.00
14k Gold Sıralı Oval Kabartma Zirkon Detay Tasarım Luxury Bileklik,MBL0028,"TRY 1,700.00"
14k Gold Zirkon Taşlı Künye Model Tasarım Luxury Bileklik,MBL0030,TRY 950.00
14k Gold Zirkon Taşlı Yuvarlak Tasarım Luxury Kolye,MKL0056,TRY 600.00
14k Gold Ortası Kristal Taşlı Yatay V Tasarım Luxury Bileklik,MBL0032,TRY 850.00
14k Gold Ortası Kristal Sıra Taşlı Delikli Damla Tasarım Luxury Bileklik,MBL0034,TRY 900.00
14k Gold Zirkon Detay Kare Çift Birleşimli Luxury Bileklik,MBL0036,TRY 850.00
14k Gold Zirkon zaragoza tasarım Luxury Bileklik,MBL0038,"TRY 1,000.00"
14k Gold Zirkon Detay Düğümlü Kalın Ataç Zincir Tasarım Luxury Bileklik,MBL0040,TRY 900.00
14k Gold Bitişik Piramit Tasarım Luxury Bileklik,MBL0042,TRY 800.00
14K Gold Ortası Büyük Kare Tektaşlı Suyolu Luxury Bileklik,MBL0044,TRY 900.00
Gold 14K Zirkon Detay Yıldızlar Sıralı Luxury Bileklik,MBL0046,"TRY 1,200.00"
Gold Minimal Suyolu Tasarım Kalp Tektaş Detay Çelik Bileklik,MBL0048,TRY 430.00
14k Gold Zirkon Taşlı Çiçek Tasarım Kristal Taş Ve Kelebek Sallantılı Luxury Halhal,MHL0002,TRY 400.00
14k Gold Zirkon Detay Pul Sallantılı Çift Zincir Tasarım Luxury Halhal,MHL0004,TRY 400.00
14k Gold Topçuk Detay Zirkon Taşlı Halka Sallantılı Tasarım Luxury Halhal,MHL0006,TRY 400.00
14k Gold Kristal Taşlı Kelebek Ve İnci Sallantılı Çift Zincir Tasarım Luxury Halhal,MHL0008,TRY 400.00
14k Gold Zirkon Detay Damla Taş Ve Kalp Sallantılı Çift Zincir Tasarım Luxury Halhal,MHL0010,TRY 400.00
14k Gold Zirkon Taşlı Sıralı Yıldız Tasarım Luxury Halhal,MHL0012,TRY 400.00
14k Gold Küp Detay Zirkonlu Mavi Sedef Sallantılı Çift Zincir Tasarım Luxury Halhal,MHL0014,TRY 400.00
14k Gold Zirkon Ve Sedef Taşlı Ay Yıldız Ve Bulut Sallantılı Tasarım Luxury Halhal,MHL0016,TRY 400.00
14k Gold Ortası Zirkonlu Detay Altıgen Geçişli Tasarım Luxury Bileklik,MBL0050,"TRY 1,200.00"